id,population,x,y
0,0.5155131306788335,0.5909951582335718,0.8592905469146089
1,0.5321719728584791,0.5274301792473065,0.04233245193266122
2,0.07933283814244241,0.9931491247052422,0.7938744362575969
3,0.3026829795877205,0.7373107868077311,0.34072129508012183
4,0.8804273398210671,0.3519667516754126,0.39939830689208844
5,0.3033529882877182,0.6276050580621609,0.7116605266502664
6,0.22697710404521187,0.5652248642006653,0.46780152299787414
7,0.4979777988778251,0.44401534274857,0.35344311372091053
8,0.4517052116100809,0.8755083416886317,0.3364109072864503
9,0.9457820300070626,0.14945209332154585,0.40556953826264697
10,0.8127293505823096,0.9832928902104817,0.23516768067206217
11,0.740822174369418,0.3730676952247354,0.7355820396490568
12,0.30409159571842526,0.30915250317340404,0.22792996790472642
13,0.4863795047314391,0.11403924627149276,0.9192649967831833
14,0.9327754646352386,0.788081905977363,0.43356702549869675
15,0.640044116382902,0.014970861883421005,0.943839700814694
16,0.20001597617781575,0.08575707594432236,0.3263034637242548
17,0.6898809134008967,0.19696075734874752,0.19485873543443177
18,0.4757009778934961,0.42654576554473544,0.03383400964371852
19,0.36303079970152274,0.7822284223958852,0.9246967438169158
20,0.07037583818369864,0.9112783570237046,0.44480764432049547
21,0.9008090048917813,0.6202511697722464,0.8891307345630622
22,0.8605265565514068,0.9896980171733101,0.41205930751269537
23,0.9454774007441767,0.531986694617218,0.33688384814433325
24,0.9004467929191461,0.5530895736011158,0.7875929340061083
25,0.6040466442827364,0.28676243787799705,0.19374318994262596
26,0.7564694865568354,0.18383804865640208,0.06669739732229663
27,0.5460026137327723,0.3522719044278453,0.8899542272279022
28,0.6746867365342887,0.5507560209909088,0.040803043186420695
29,0.964458121066809,0.14279349853882795,0.0013345083912873479
30,0.41323913353273756,0.557782273600132,0.8402273044516607
31,0.11331962503630977,0.25956420843834005,0.07854158574574133
32,0.6579250274084572,0.3688141038640843,0.8111441559990317
33,0.7835365214031813,0.5388768897009426,0.09000675535214042
34,0.9247990316895817,0.24100226616058418,0.617657238563082
35,0.3226170648808401,0.8529823877779996,0.07565852295868358
36,0.7283160254616379,0.648464051371804,0.8350379152920349
37,0.13642594273059605,0.4444618217084926,0.7820270374546854
38,0.9008584172068279,0.07835322813178969,0.20506001158517917
39,0.943041987357935,0.5368273121356543,0.4930584514562404
40,0.017632303116021153,0.6593173291891012,0.7050452743201263
41,0.9549386740622545,0.4672243172270655,0.13170384755972975
42,0.5389567196868061,0.37902221036037553,0.9891463322494385
43,0.9249436962929994,0.4307986657672829,0.07093695618815865
44,0.08057346789165287,0.03780586155231824,0.6550431545287329
45,0.004639785428049992,0.8890505687581217,0.028411389872578185
46,0.7967895781785186,0.07205660094844679,0.737843750784479
47,0.9734740805683757,0.35789831237909886,0.6856472989699125
48,0.3732072873167165,0.7013051460187538,0.7611185198024184
49,0.22064935061309643,0.4365275563005968,0.9980250015598668
50,0.4281131787118775,0.47290839559753484,0.5455741629153494
51,0.07870246147459181,0.1399716785289109,0.6805964127545685
52,0.16160580010578285,0.9402917410604509,0.2751876669547917
53,0.9334763878958956,0.4666855134216634,0.6403623814221896
54,0.36827132798990436,0.2907344935927829,0.2494745944648702
55,0.4445708257495754,0.7000926238499043,0.9837940800608967
56,0.8759809213247816,0.8397076027937291,0.7226016887837348
57,0.6086410254652145,0.2592774328348192,0.5492743498685595
58,0.7637485034532742,0.2757537572790728,0.11753719402961471
59,0.5124762555213754,0.3403394950316697,0.10296245091653866
60,0.6672851379357344,0.47700727661591724,0.7374329539240736
61,0.78094630603918,0.16641245374874458,0.20273723481664463
62,0.7249383939440823,0.007807155450543668,0.7919987013224181
63,0.6425189082315559,0.563793400319419,0.6513623741668275
64,0.7574411127068141,0.4399139611741386,0.8880256926951426
65,0.8019166863564346,0.04015973249479898,0.08795766122508009
66,0.5337094936362867,0.3833523323077589,0.8264523728295671
67,0.9040539908454652,0.2792074840845319,0.829818122243987
68,0.5684158335823778,0.7468823508151657,0.5349436497116868
69,0.24739142375810597,0.4963251768571745,0.0014918002192748636
70,0.032805276516018944,0.8670584100258905,0.47355089005426976
71,0.8056104990661694,0.15928649589444155,0.45103800710954933
72,0.7746258663842178,0.3617464878204374,0.7195810785560853
73,0.22787786254562026,0.08700731389125926,0.12019264645588124
74,0.6734489320290631,0.2046617810260487,0.1774174377513822
75,0.716284685902109,0.5002676129898621,0.938359319954717
76,0.7102267655780333,0.42132472718449143,0.5383208471305021
77,0.7274662345898611,0.5369218374113226,0.4437341460465536
78,0.7777187042348994,0.25082869477563896,0.31801940063676803
79,0.7623946703721172,0.790889284246536,0.02387262092152831
80,0.661066879736597,0.9387847827459228,0.8149720945085687
81,0.34267845084397974,0.9868808054973824,0.5741003981079772
82,0.6930669455653434,0.9228877537065777,0.22238756265969184
83,0.19356257057514537,0.8928244969788584,0.23240398478043356
84,0.6553821679071559,0.4484511031798708,0.7498658735781001
85,0.13579739847611738,0.8597337203694383,0.8591258707670565
86,0.4644112917780079,0.09381805921820818,0.3351535798447348
87,0.3562808626725569,0.9702690616352725,0.0712715147295101
88,0.8063480857520402,0.9244088998412335,0.30657618018677923
89,0.4447640331503143,0.6763930168100153,0.572096717261585
90,0.9553515979291265,0.5959516453840473,0.7127843682371583
91,0.8869449074522578,0.2524703300352902,0.7573269738806002
92,0.2844739522845221,0.7985635027939595,0.9901207397702817
93,0.2718346069766564,0.4540163632553581,0.38466204945422633
94,0.21846827130742108,0.009338254527216927,0.03249795889602558
95,0.691515050480258,0.1080969397328706,0.8833686852168458
96,0.04191423805974903,0.38767976815923033,0.7028233042194376
97,0.5085640138736935,0.5037259932431061,0.8679757946852217
98,0.46073190033945854,0.8034444438717386,0.717849734350059
99,0.9552415773701154,0.9216777025761665,0.11196651146570269
100,0.9678847785787597,0.19219630993514147,0.5205493381386618
101,0.33010704042615735,0.900490775185581,0.2005104157681128
102,0.995595195502286,0.18115586228533076,0.6277875821638329
103,0.29961752025535493,0.24929808244753993,0.2873945968511554
104,0.0932447904284388,0.2724199612330459,0.8484132512867184
105,0.011901606725309932,0.07104632375287445,0.9110238023573292
106,0.7024497086781921,0.7910889695118909,0.18963110231225777
107,0.483458002414876,0.1641583937793527,0.0005406056590246955
108,0.7544305194433503,0.8301458099529361,0.20446044039053635
109,0.7793593036964576,0.025320978575922526,0.18559287648452139
110,0.9541946639425177,0.9021370059635675,0.6125108271546986
111,0.427870898394902,0.3338026469552371,0.027751501926424726
112,0.7795166028012558,0.21439317292140125,0.17219370377504706
113,0.21848516476875657,0.939430688764992,0.5976367621706739
114,0.8991759683766312,0.21072732025680774,0.7875187948426522
115,0.156935687662331,0.18207486417086705,0.19334299446065994
116,0.7738290428923588,0.44356100554587674,0.7418192251926585
117,0.621785416125383,0.5068773798090508,0.07058675070933385
118,0.3568994540528623,0.862591537493279,0.709067357460753
119,0.5368511720463525,0.5909147259795369,0.05995878264702592
120,0.17993128434184869,0.9013854171984623,0.10492399426118793
121,0.9975508885454487,0.9241459405454253,0.47736249341273096
122,0.8578729641916913,0.9902084187020069,0.23294184045134114
123,0.6918438946243218,0.9562913925125109,0.010835308811584454
124,0.3904326151739561,0.6007119397663453,0.7522564116764824
125,0.4900703710882114,0.4945946076415958,0.7401323540279706
126,0.16859650617914512,0.42658739974750703,0.077285908840665
127,0.35446854505493874,0.05726706946463911,0.35962973550590394
128,0.7866671510661393,0.5561099405017426,0.024538994556060678
129,0.9880491541444627,0.19515218899317677,0.1711868371212475
130,0.4997060265514155,0.958579403307244,0.9585406766922094
131,0.612556262623277,0.8066026185937697,0.17909449707853387
132,0.7262621513131383,0.04431774408505429,0.10483645808313402
133,0.18087909643778588,0.3031859090933682,0.12015063519856573
134,0.9775959378973449,0.9681347557445009,0.10563516503501769
135,0.1441501788240206,0.8052068736774531,0.7940091759130599
136,0.23917908906796093,0.11768788008479836,0.777865853324739
137,0.8587908861570978,0.8608618945537034,0.7665124503660521
138,0.18358066514921045,0.3620653729729221,0.9387945412885838
139,0.36110781165202466,0.2001752907399118,0.2621163449487276
140,0.6160737438663215,0.4202102914692435,0.8672291899271654
141,0.5930780293244922,0.3392130397739075,0.12534503819489562
142,0.039576559146704327,0.9561414814473718,0.7099341320878609
143,0.006058696999364899,0.9742242910406697,0.8394337525639196
144,0.12730295646505574,0.31573927683105696,0.29732273532836473
145,0.39685430963373847,0.017825507921349626,0.03615801959042253
146,0.3818312015552682,0.48238963570412396,0.7643561697340137
147,0.7211506326833266,0.6164918825309074,0.4991205231479938
148,0.6753722420438505,0.18363925636248946,0.8246407937838441
149,0.2974501451389856,0.6034616467362522,0.7668306436945309
150,0.35543895469375475,0.6654876606763892,0.7557681442686223
151,0.42416794106129296,0.5503626711857406,0.5639827188952214
152,0.2457099146572176,0.8235729081322751,0.18770265437779043
153,0.47722539365526717,0.22614856541925032,0.8804871517234454
154,0.4407617202303258,0.992467832263663,0.6910879385268328
155,0.03381859694967615,0.7436385917249471,0.22133254606066177
156,0.1730735836397691,0.2825435348696169,0.7713599444287533
157,0.5230008078571999,0.03744189650656948,0.40531971081166096
158,0.9383403013469477,0.9814966491907334,0.16376013585458604
159,0.5578433478935592,0.0652603239954136,0.19047273621949234
160,0.35876759297641514,0.47262017350701113,0.6535201545602415
161,0.7790949060656834,0.5129357718621207,0.7256243573756513
162,0.781457500994424,0.929227661626919,0.233968619712971
163,0.5798352136813375,0.47433724643994135,0.475883671430685
164,0.6024759742474503,0.296560957331106,0.46673216473711665
165,0.9999650080416119,0.33054213608284155,0.9113447997176989
166,0.8340022256559255,0.921244368461946,0.38404807111759043
167,0.28706094895499235,0.6724875223760223,0.5074240586177677
168,0.16455760245764506,0.3084765175416724,0.794424621548764
169,0.931787995629258,0.40304428103046697,0.17620695335308567
170,0.7917431564568305,0.33403214471382825,0.8090054384345003
171,0.3075872765489227,0.6167255973464602,0.5420361417799058
172,0.4940372509522979,0.43889040088217657,0.8918873851169513
173,0.77086079445776,0.6086305338334786,0.741235115117417
174,0.33534012209584285,0.17334817018198245,0.5403715653803357
175,0.46031643250782994,0.2599082705746819,0.5520503424104886
176,0.913084532044931,0.9724002291023365,0.2964778741443793
177,0.6103606384847798,0.17021491420559098,0.34776888124437344
178,0.9903531150259689,0.3029325855225147,0.6819223227606952
179,0.42149298941732805,0.09961435581046629,0.31752966821252393
180,0.8904440610242143,0.9771733790188442,0.25553186139502604
181,0.9847521567342465,0.3716944235355718,0.8674984743487033
182,0.6744502202596061,0.4979155616703057,0.1291801932497344
183,0.5378163312920357,0.004244764578186122,0.339332569736444
184,0.20061062673621088,0.8506484146671486,0.6025355260011467
185,0.4412830254612685,0.7785719457800526,0.511219853593367
186,0.24241600285681397,0.7522479120046927,0.5935390636044625
187,0.23931377836090206,0.677399894845917,0.8893221525692259
188,0.9044084409339135,0.7351200047414989,0.6189547762021688
189,0.8621284524248853,0.40019345106367055,0.6214704442116458
190,0.7082412262689115,0.8119006575991439,0.9143061755517636
191,0.42305614529554914,0.08350251140250009,0.4241410793747402
192,0.40212048837232217,0.6771351026011948,0.2578544174021693
193,0.1757951342842312,0.9948941217002831,0.08901422250550028
194,0.4030730218057966,0.030670182633709797,0.9872282766623449
195,0.8804200769821584,0.41177085768131694,0.9445887701317908
196,0.49669532847246145,0.5413563395018953,0.04873104396789052
197,0.07733181110233656,0.8981973571860152,0.1234551406081279
198,0.8454130104558505,0.27095075160673143,0.6186972820851694
199,0.07542111170575572,0.15764139506853192,0.9098123788456433
200,0.6525452297295651,0.0550464660312745,0.32454845338580596
201,0.381346619226953,0.7116998621244461,0.5037879382834097
202,0.07976222309042036,0.08341526262825727,0.020104019510060356
203,0.9668306648826523,0.3652416000714943,0.8117535125192378
204,0.4788455652827014,0.07925643097446766,0.31974137001341674
205,0.13376311809732067,0.42176910171622894,0.24881897594719526
206,0.8077461353043546,0.8813555731221449,0.7792882295340743
207,0.87864946187065,0.6445714555949131,0.49413115771149596
208,0.8793656539700041,0.7276016045197892,0.6396648865999255
209,0.36315328129754654,0.8845751002327977,0.6675714698738276
210,0.40740024650395645,0.08217027194205606,0.569752991364187
211,0.6386191801349417,0.3390684847584713,0.426030684160021
212,0.2607833033324387,0.7426230091429935,0.8235948030303134
213,0.5451359022310593,0.2832854303679627,0.9308189935349791
214,0.7189876669370877,0.8294488105509775,0.06662723000630622
215,0.8376275560838062,0.7934748250851638,0.0465900336427324
216,0.29147173391553094,0.4000862971692155,0.15013622649486558
217,0.39060261879643465,0.7708598504087076,0.5243172615955982
218,0.9138535676006806,0.3099255235085867,0.9940189356576663
219,0.9626987085239482,0.10319055636425534,0.41871677893850345
220,0.4929228181054348,0.3663269831401683,0.6410500797497284
221,0.17047024094941887,0.13021634506451363,0.12584750391477417
222,0.6602194267119911,0.11200940758370947,0.8048550702768399
223,0.9357802742597315,0.8078384536174269,0.24474620748734854
224,0.21184987737439964,0.6111264788346502,0.5438434717125914
225,0.4579705448106276,0.6418208424378935,0.2733915077327015
226,0.6305843430902337,0.01999474394167322,0.748325984587172
227,0.04573457166362249,0.5344073656689786,0.8016852482485844
228,0.4714773510520729,0.7642256477956315,0.20523353543460476
229,0.21047037229949905,0.09327971061680229,0.8317491291670719
230,0.02616230500710004,0.14147913111872568,0.9345108337504284
231,0.04075930457636312,0.9125304534227248,0.6498712051036427
232,0.6660206206167668,0.09274648596885615,0.4106148998035313
233,0.24293831943097288,0.8285014179384932,0.3070634489420613
234,0.545798292353575,0.28031062072404467,0.5466570788039231
235,0.7598255032073862,0.8176996736765106,0.3523902532806379
236,0.5946581448220192,0.9714337841424561,0.2942230838145439
237,0.9010730336257817,0.31745023665969796,0.4994165703185789
238,0.0018826567031796637,0.22512604146872006,0.042916851305146
239,0.8524133823046288,0.4039870489597067,0.3945084181963897
240,0.6731355303427886,0.7868747033762954,0.7105732163378772
241,0.47904915593241304,0.46521805456151877,0.2668880833411076
242,0.01690256539960966,0.595531794184506,0.061794744331130635
243,0.25463905101271544,0.7527369591133622,0.1251470349115943
244,0.9190233057231735,0.5537107059560665,0.430031543382024
245,0.8163046837916976,0.5336319747395227,0.9962845213512427
246,0.8549029126036127,0.2947230207100614,0.16258128640764558
247,0.3905605242171515,0.5904694566704726,0.7702312286125275
248,0.5102026220261917,0.9531834398220763,0.31893297651469654
249,0.18147518721712574,0.28847425645276314,0.5184355460290808
250,0.7134337977836499,0.9349844714332712,0.01276722412429454
251,0.4083753113170032,0.025188542429954497,0.9929326137397527
252,0.22204777555795374,0.1341147447698614,0.05823827058393416
253,0.825130990908249,0.08851186543998701,0.12989869515108776
254,0.01716438550455146,0.5825962767296317,0.8586779177021788
255,0.5478834065038373,0.58488592181683,0.5381660309397478
256,0.46292772464815934,0.2316779999177253,0.9152504243474554
257,0.5884633424151456,0.42910179609568755,0.9633598172286888
258,0.7289854969781273,0.9843654637485266,0.251583939390994
259,0.4614289926808933,0.18253386011272998,0.2500429718683902
260,0.31310230846742493,0.9169237862495505,0.9831670504882669
261,0.045690073957211585,0.41283331196431716,0.7946532978407639
262,0.1795827872676783,0.15324872418548108,0.6382224827245138
263,0.16467501377627902,0.7448885431668538,0.8109093826469983
264,0.061017993920960856,0.16303295114902805,0.7808864541783188
265,0.2613200053013943,0.2743246514459703,0.15995640348245954
266,0.16943927777542578,0.7819102003334538,0.9293814234881517
267,0.02449412891551117,0.9483385385292089,0.793384772796384
268,0.15502403217108285,0.02551304836636492,0.7653346949919654
269,0.7643204852609243,0.5310305387551126,0.9199777479528533
270,0.8250170087127122,0.8078679999039767,0.5816211571277436
271,0.7532839253849695,0.0543201467695944,0.19728793457287053
272,0.7129929313643498,0.1315426259886191,0.5786590737320454
273,0.20752754486770286,0.14657790564924067,0.440134043366018
274,0.6449863384794553,0.9697741858540659,0.5416172804902329
275,0.763160597610837,0.37146063420951625,0.32667757598572655
276,0.8537726872513934,0.8233452525169273,0.5283687028172198
277,0.5038078887001829,0.3451345757310166,0.05271455888595222
278,0.3859478734033287,0.0909518239417415,0.7990497812908666
279,0.5719028179167124,0.7873399332691913,0.27952871845732175
280,0.7817652343492323,0.4315364586099478,0.36869985734956456
281,0.32229150833030884,0.874523416032697,0.9314490440772708
282,0.39225221612856576,0.11273825577307084,0.8392797629807215
283,0.2990009155895572,0.7282107530226168,0.8675856497545458
284,0.9170385422911713,0.00759039733183009,0.6805720017681369
285,0.17935188421173254,0.15657797721663314,0.7596314013610865
286,0.3033127022045029,0.6079724841718125,0.5756111955872003
287,0.7782578396193104,0.00911117466098954,0.907320913205041
288,0.6603381896467999,0.2811312223004766,0.42914751699900455
289,0.8587087143995679,0.970418828199035,0.1899715883863905
290,0.7713148403861504,0.5656085499328255,0.91719214371601
291,0.612195791964288,0.9838897918437224,0.9054791694398067
292,0.9129970279496714,0.4916885613213198,0.20362965058203242
293,0.09540000285119765,0.4913224118273989,0.9175399268325591
294,0.47339423038965744,0.932105655488801,0.88842783836077
295,0.9666031863216858,0.2701447058838714,0.5458712077531698
296,0.38247969280346183,0.4332808709924513,0.08334465516437628
297,0.817022982776971,0.9219091013624886,0.7176013288863184
298,0.6342211748301984,0.988198047701567,0.2480884105459531
299,0.07922070489115274,0.027299748053273842,0.8829451664295532
300,0.3141595758398483,0.37118272066310964,0.09540287648195012
301,0.9998616612529067,0.8566481050053811,0.1448801757721382
302,0.4577996307820261,0.46237582759851426,0.3492552284014011
303,0.26232758639226805,0.40824579220458346,0.22612315088059076
304,0.28292084438809273,0.2576510078237254,0.630276403575039
305,0.9670025598305827,0.9446243093944974,0.7081278156489275
306,0.6798863750948071,0.5181058205662772,0.0692268891675345
307,0.6307278918806247,0.8276358127572461,0.014590870703708458
308,0.4715500226924354,0.6343060959585733,0.9716069540969099
309,0.5647765215835389,0.15796560003693927,0.43496142789289993
310,0.17492052668569535,0.6701180700506475,0.28627091600324683
311,0.6330966647606013,0.23658196110469554,0.3778549435256914
312,0.23866922601380758,0.6870183891006381,0.6460375041434686
313,0.6828838779743913,0.959268631641395,0.6084206352337214
314,0.8522583637524721,0.8483842895786704,0.1707929504977851
315,0.00919295880328086,0.30240237057258956,0.9511163746581611
316,0.07262253638452809,0.32015524186831523,0.07103729807053027
317,0.7658509145792964,0.35286536882828323,0.20629637973437098
318,0.677493734048892,0.32737298533729975,0.8874561933580173
319,0.43620937280327376,0.3558322832595774,0.45789545831089606
320,0.06611073192278982,0.9074321482822033,0.9011609434776146
321,0.1559768449438652,0.4022855081450263,0.29241504156837006
322,0.1091182963276508,0.8832091069078603,0.21279451217198941
323,0.3039570982963804,0.6904701319275334,0.7909551782751844
324,0.14485514663606136,0.30369228939611925,0.3879021503725708
325,0.24577334978692278,0.04645773692203026,0.3094224046200422
326,0.40217735035970725,0.03260683814468268,0.6691636803640267
327,0.4492560110222702,0.08608415842958583,0.965799007357179
328,0.6204513486775677,0.19147971348468573,0.7125652591746362
329,0.8605939964408257,0.0783048696838693,0.08337825122525377
330,0.022118291030887693,0.3055464673048254,0.16853159280139807
331,0.7566755195510511,0.10885930653989784,0.7099312478930776
332,0.10042547422974812,0.4190836998178107,0.81488769048879
333,0.7997739683618758,0.9461426551048144,0.13876596381258866
334,0.6074253281072324,0.5009876525892789,0.5942563213528796
335,0.38721128289770534,0.1197626220283825,0.1783058199240285
336,0.11823479242952639,0.8230898518409077,0.6074537809805315
337,0.46181413938490645,0.43257120454289055,0.8703277338004234
338,0.47125530887475486,0.1309316610667628,0.5959781784413182
339,0.6569610169678124,0.41648435609907675,0.14637644404968997
340,0.37150822633195546,0.29127751520682,0.5680643101379396
341,0.8157075413406935,0.28796145723766997,0.2870301671115091
342,0.9032884997614194,0.7835237289526477,0.3474317823086538
343,0.36037835536938634,0.21446154978658738,0.06279527570276722
344,0.012988024283426491,0.47161698246282724,0.1358237346441128
345,0.8366076245484633,0.4727995497429488,0.6820603989296535
346,0.5688499043465404,0.2021853961033404,0.7399161734663745
347,0.5432988541292163,0.0245855885177384,0.9107393766267184
348,0.21231640476125835,0.22502299997286623,0.17225180076704316
349,0.6437295035420164,0.159520684230816,0.6739015978194158
350,0.7275262669447223,0.6991830028641749,0.5766970644461282
351,0.0887494907476768,0.2324688022370358,0.6427330352705415
352,0.7204591202364581,0.505627141216331,0.3793786047467229
353,0.16023607434800047,0.6151986085573413,0.7892943498946745
354,0.5914931759647372,0.31624952750043955,0.40947221040226955
355,0.48615515034487056,0.18566808419699354,0.4148793817354849
356,0.0003687542785044684,0.5992323151135688,0.023934680308486223
357,0.9875309341355435,0.7459023422072981,0.518581113551163
358,0.8470199093763378,0.05574972998110761,0.9396643512765546
359,0.8566650442611075,0.7493959076294011,0.5916044781258144
360,0.5084250194239921,0.6538306124491923,0.031020977941739747
361,0.7766103753221185,0.0735061339480998,0.9756461503820266
362,0.07895612095425708,0.4719765667434831,0.6390243347045034
363,0.2786829727819269,0.3282991495349654,0.9632305627030185
364,0.013777038154881849,0.3898015742996447,0.14082290651919205
365,0.030802778837876965,0.564788499176631,0.33336106696271117
366,0.6046240772538406,0.6519695819721935,0.6482355058140519
367,0.824431425994077,0.628812606489143,0.872463611520904
368,0.22057095092276724,0.13994452917723033,0.3117095711963952
369,0.8323207520746019,0.3207704211931157,0.544047011505186
370,0.5586368187247548,0.8290210770138746,0.03979610309567472
371,0.8964006309027537,0.4528833920677484,0.3285381559737166
372,0.22872724446273218,0.14154878308524343,0.637988306771522
373,0.35042098766595486,0.8251003017456274,0.9773862758253329
374,0.40165102454831136,0.053175414623921946,0.6841641209881593
375,0.26897249143492097,0.050192813875084674,0.9149723122170073
376,0.375519672673603,0.7684770678577852,0.12288085004365112
377,0.9042802724525494,0.6919904756188693,0.8357581478429784
378,0.6380921262743676,0.6950629602827201,0.8782389876546584
379,0.02749834795406414,0.5748393951805247,0.3576820749342783
380,0.5344498797965946,0.14785145897144125,0.7606334271692429
381,0.048642169397791535,0.5865654827440189,0.5645485354317598
382,0.16875073753504366,0.8003784911022542,0.38354190285134293
383,0.38497684583460234,0.4344609803935934,0.5904030731856519
384,0.36659148838507116,0.9494671256970479,0.5151118235942714
385,0.35532101107621683,0.5940014480010961,0.9467702153287788
386,0.9357678271703803,0.3358598363740821,0.32002424394814655
387,0.28836100418569577,0.35024027922188694,0.8510389446991158
388,0.2578683118745182,0.35560779508708107,0.47746254134782284
389,0.8470551958879673,0.08237897630072555,0.43650721672868587
390,0.05784601439581194,0.1864535785136171,0.6348980020049126
391,0.5929470750372866,0.5102716049308976,0.5784057787992676
392,0.9646603865601673,0.3768826384398075,0.321958772103883
393,0.1567827022820697,0.18433721672247594,0.7213213394819603
394,0.16870120952245438,0.03248704747929643,0.28932113902881496
395,0.3028035190404236,0.9584669488219516,0.19021292607576124
396,0.5306842853746864,0.2583495215156518,0.5605887153109845
397,0.48093852898542533,0.6796602256984132,0.25628907426325753
398,0.3440413106344178,0.5309420522882938,0.45116612048542604
399,0.8471075234434803,0.35372072538845556,0.6014368473585784
400,0.5442230930864312,0.16710438444174347,0.6318966721236142
401,0.9273156253321417,0.870789051280501,0.362394666578742
402,0.17103524949423843,0.4687593785830192,0.848322899870132
403,0.9141708930889713,0.5260752338345013,0.8171174019275104
404,0.35229535359106856,0.48811507865574344,0.35098295301880045
405,0.9331679609488375,0.6556079753879129,0.670308274962023
406,0.4094432730332781,0.9755716351937244,0.22906946348359403
407,0.7381935657163281,0.06455401797207072,0.6356243750429437
408,0.7888151168463157,0.25755508023358753,0.779404620728758
409,0.8139784407059104,0.1484906624583181,0.9810886440249309
410,0.8897892049960263,0.5108366278193166,0.01174948682908561
411,0.2754877830589011,0.3952886031934303,0.7998313533894379
412,0.5966907042441211,0.8786810079799805,0.13838951588917936
413,0.23750869113761863,0.9304135350762501,0.43307118015944224
414,0.4430703300878611,0.960003291402739,0.11995499142973687
415,0.8164359792495015,0.8580554658722618,0.17730365039002216
416,0.8962771707378726,0.4041692489919627,0.0023666363521568368
417,0.19186217462612432,0.24292778036576534,0.9666310440832648
418,0.7623334195368605,0.16969423286021545,0.4931229754467755
419,0.5653252836553402,0.9066784018552608,0.035945434687343125
420,0.12248058147319074,0.7450382684814986,0.4062090533791344
421,0.7533560374776493,0.09563058160860927,0.5362851126000795
422,0.5888911177898078,0.5129020934616941,0.6780168800206152
423,0.39240918246569,0.9453947800991606,0.44251478407998823
424,0.8101702669318387,0.5364588110738736,0.9713502639534435
425,0.16354413499147513,0.719361001939631,0.17181851320221941
426,0.40830652117646715,0.7254305279160576,0.3689384484483549
427,0.741108616307515,0.6112031277986509,0.8655112509021523
428,0.34644948924636443,0.034183235875858364,0.9172286685622573
429,0.2738808469205145,0.8860116179802079,0.04360285652805029
430,0.5722520886600552,0.6253956389277319,0.07050234113287623
431,0.25402649803848565,0.05605378489031043,0.5376671152758565
432,0.5374191292812015,0.38211359631716135,0.8009850465880242
433,0.43167108987510583,0.025034756453525486,0.7539705252642832
434,0.8724426777201486,0.05396060096133082,0.8267009327674822
435,0.13067532118073932,0.25736077665546153,0.4928864574657742
436,0.43440451896332866,0.017540688153583228,0.4844089467345002
437,0.257661114220066,0.7300229800341195,0.9018293839576759
438,0.39223885945860903,0.8233243183105935,0.25814790666460774
439,0.40420073067792717,0.15579213049612672,0.2917586630919451
440,0.8117735860161702,0.8913768217747022,0.8783529108814271
441,0.892102474457752,0.5527107482364618,0.9220302175821368
442,0.591665747702408,0.24722500893703925,0.13089994656008563
443,0.3838933909336698,0.9778921275858381,0.5684724972492857
444,0.6743234004917987,0.0717022531355962,0.6933847524834926
445,0.2553901551227049,0.844399848490756,0.7415887292000957
446,0.1721846313066604,0.8217217903082455,0.268452092424015
447,0.1294587709634587,0.8559016240590219,0.024611601927115978
448,0.08523098182255784,0.015877898649788058,0.5352166968399755
449,0.026914725758902747,0.13996819594982213,0.5562974138706861
450,0.1426288592485151,0.45520520950592813,0.8443678689158793
451,0.2411803465348652,0.40925832130236595,0.8864767821260343
452,0.2472040381765307,0.32248425977147444,0.03853309770458646
453,0.9386437593511556,0.3213776489743232,0.957926762741182
454,0.017411594390783658,0.4971473939573373,0.23256613406174165
455,0.7541622254954118,0.30258990515123774,0.2253684591987608
456,0.5497828053703989,0.2313432374556027,0.688595122711847
457,0.04006612748526828,0.09580221620818452,0.006595730468248573
458,0.1897407365250674,0.08850753350366158,0.644941057182755
459,0.7459550523114491,0.5149429046645969,0.13223025718348747
460,0.04719824392449323,0.37305039034629073,0.8442237002137457
461,0.08277028712480017,0.5563535563074838,0.06213860141369065
462,0.8042529688838929,0.7245187631535621,0.5304149606148697
463,0.7529025850898261,0.11622984657973634,0.0872713876271366
464,0.003740722870423041,0.8649520359406739,0.16094561655994966
465,0.32700772716659565,0.0552086935574595,0.6904722749158755
466,0.9732681457585811,0.9635356449478104,0.9451090498942255
467,0.5164576140552777,0.6575925849860639,0.352769416233334
468,0.202921948190113,0.17309710591478078,0.3866545681754221
469,0.2614874471252917,0.32212601064044377,0.45023651433761935
470,0.9945305830452751,0.37596545452715746,0.6873249961165627
471,0.9228002086394893,0.7508447760209797,0.7120645245159711
472,0.6146690918357255,0.14687251332270512,0.5578999054955679
473,0.6556710431707962,0.6015294762015004,0.9448055998297229
474,0.4972554081250897,0.0965984613219546,0.7661654980747354
475,0.48639590760294293,0.23764800453099832,0.03934001194932801
476,0.4065012842410629,0.3598414312937618,0.6850247441141583
477,0.74894459038065,0.4755335712989691,0.6134266039311465
478,0.8951399335808615,0.27049346149524167,0.4409269757853933
479,0.25909922111073846,0.16134378143455552,0.36606361933527387
480,0.9484665719225297,0.24877012005144383,0.013192898462143665
481,0.42655786282784003,0.9269852515192196,0.9844746678670571
482,0.8566312212782019,0.9820508723081732,0.11929656699813451
483,0.12313529537421153,0.4035866575875581,0.44944067889429307
484,0.6317288281734038,0.5318309015850056,0.3473357280094985
485,0.7046482381187527,0.0016579397708680332,0.8813675993710903
486,0.521607355829134,0.5935862416330403,0.2094189214926847
487,0.04907180184743132,0.4778879075011697,0.7392673290376448
488,0.9949930442480455,0.7873460217320767,0.23791055684017215
489,0.3877643712349397,0.2700817651289824,0.33817225011204
490,0.44079674881474684,0.3571679583301828,0.7657784313872561
491,0.14108022170081602,0.6070572633394498,0.2910202093434624
492,0.7637569556121292,0.7792700433218858,0.39648447215082594
493,0.490412374795152,0.3661475151875889,0.4807897206084739
494,0.11593081044329512,0.49209335111580776,0.6431384236936958
495,0.8965882103172812,0.23271418494668472,0.39012483437399725
496,0.5840603802715834,0.9473048386937182,0.8059751024117323
497,0.8475675985005733,0.48476442380688645,0.9509627261602426
498,0.32068098767287867,0.9544310828389795,0.5857336211276548
499,0.6470986546881986,0.23133144878870482,0.9066220232647761
500,0.6428298240308767,0.7125216766081504,0.9565657117448438
501,0.9356308539983489,0.32588191168156466,0.8261265022338564
502,0.12898956208581203,0.2792175638362083,0.6706077646152666
503,0.7882384138536225,0.5628887926210503,0.8220854504935154
504,0.3089194155646209,0.24845854033898074,0.418457338209972
505,0.4239790492414307,0.07788818934262232,0.6405612215228018
506,0.9703822250002012,0.021862679521174933,0.14448284650100962
507,0.24614556637958063,0.30461524198825307,0.9340739840040302
508,0.28756225308003236,0.7889661036737753,0.8223586481586527
509,0.5349405629661536,0.4357142653993461,0.7609216846014016
510,0.07709551674284632,0.20874388193313298,0.9403826168166002
511,0.914151800677104,0.456561621397797,0.6830083506271859
512,0.07869772548382148,0.2664901177529265,0.8857955151642651
513,0.377724238816199,0.30460199031344903,0.15163246848945877
514,0.9637229650380833,0.18960411949890266,0.8841597909745811
515,0.519694989067179,0.3133617112109628,0.27096576973667785
516,0.6822272588184597,0.02969977732193596,0.48213172288723005
517,0.34740619619559354,0.34831275913913584,0.3436349900204563
518,0.413684392695041,0.07332616027391226,0.8994335412965434
519,0.9813084355480685,0.5503550577670245,0.6095058245218241
520,0.3963635227602599,0.6417497969928753,0.13648069903565252
521,0.23101001378369102,0.14816014195553973,0.4362904188272052
522,0.40605511506599223,0.46844360906888083,0.2579827796527515
523,0.32934784676990614,0.8593694093023244,0.6837699181828564
524,0.2681642115934053,0.741683846572103,0.6798528896784861
525,0.1491216578204796,0.3209574246525828,0.36191519415198437
526,0.6002285509961542,0.9242938523856045,0.7585996059640664
527,0.14746065346754766,0.30103731025350366,0.2390052836090486
528,0.7195466363999224,0.9770723998774441,0.5446022975286416
529,0.2662164943224461,0.607437823854482,0.656815091360793
530,0.32643496604716804,0.4464762764731035,0.16336731971886853
531,0.09428468961121417,0.7480462275024454,0.5496257966897224
532,0.5587405265223195,0.5533193406058909,0.6125326147000768
533,0.6811780928596491,0.2571086671524274,0.2986452621677438
534,0.8471517203594747,0.6779410487353978,0.8715779259327587
535,0.16320780817643865,0.40404810810577774,0.4016089030598994
536,0.8268043226538956,0.3126546468888959,0.5581306050589575
537,0.27609044020563556,0.8760479259755493,0.26872986494645745
538,0.7273982243081396,0.332069567201278,0.05961314898264969
539,0.9933387019918848,0.35149037705471764,0.22346830180948085
540,0.058654968829647824,0.8831809504355825,0.020166617040683676
541,0.9615309218148543,0.2609769415098536,0.7436285545383279
542,0.3731025104707505,0.9405097502165618,0.3254117742332143
543,0.4351169266069074,0.7631915247126737,0.3230150185994124
544,0.08265044570896019,0.7746735231205768,0.46206889131358464
545,0.2749495541811179,0.36435378952694353,0.5745791722854048
546,0.7271282923878976,0.7890997532729432,0.534456899982818
547,0.21401620011413813,0.21499330609204192,0.28520869795570314
548,0.8233906758404331,0.9014274030008798,0.7027632906429834
549,0.550900977589294,0.5649502571328577,0.33401713193669313
550,0.8160123169862291,0.2881860877756789,0.016224090557549475
551,0.6759712337659595,0.6785683071951502,0.07039617709321866
552,0.16395482205366418,0.6377678039098543,0.3426105888129132
553,0.19508758769946177,0.6174809991148373,0.23114810989867562
554,0.7174834406460988,0.46872931214218516,0.7602992508510255
555,0.7357117871364631,0.5260434903906214,0.6926913601119816
556,0.8204574564773203,0.2069135388000387,0.8854204661325084
557,0.3064034173787674,0.43671246053423085,0.30767653308589826
558,0.252250825260362,0.4239257134517048,0.8900454701879068
559,0.4707035343654431,0.9443731987278173,0.9198488060928324
560,0.3563939338027715,0.37672755704066696,0.7521223968097382
561,0.7867280326290484,0.8325807390978769,0.6605567566356447
562,0.6086728832478114,0.5120475496877753,0.8438793652836292
563,0.23576918428373683,0.1570985415749575,0.7497092437653997
564,0.05042050440602419,0.6701406721190326,0.7630570640298875
565,0.8265816644192073,0.26422639889783783,0.6421922717523745
566,0.5217800678565663,0.6037749045502283,0.6412298927930833
567,0.0837253582285965,0.9460819601146081,0.5890529978207992
568,0.5661684357532686,0.5807669550247423,0.9303639537206436
569,0.3947957287715176,0.7587123471484991,0.8260824679750396
570,0.6930905342020633,0.11606377051175543,0.18103199420753535
571,0.7186053182598516,0.4073134256974943,0.3846109239136567
572,0.3854982185964856,0.09100868221539082,0.08222078096139218
573,0.08726192670003008,0.7162536984788436,0.37753273266033893
574,0.2959273202322277,0.5158798982723384,0.17966605917376555
575,0.5420082831760146,0.10612744414340969,0.2659955155493532
576,0.9456716902744546,0.7484023573941821,0.4422515047069816
577,0.7272850936397295,0.38352331357326763,0.6813872849758411
578,0.24734759770120385,0.6158701316500135,0.9586946608979606
579,0.4288825584674292,0.43763578071337617,0.013755378837488341
580,0.06324651615449173,0.33577638598250126,0.4999107659003612
581,0.801452984654504,0.9920592041619225,0.14405826889500728
582,0.5393586469742622,0.33876101134438186,0.9926761954113994
583,0.8488439311996364,0.633545123978216,0.23776970714467593
584,0.577826095085178,0.7696205709264292,0.5274822301820786
585,0.15061458843344733,0.32310661475719604,0.266696043896839
586,0.530759374648591,0.9429140200041601,0.7520387367820721
587,0.8695722072413613,0.5992131400268759,0.655406084387992
588,0.9892670894693214,0.7149834039140728,0.8970280563006543
589,0.49346030226254634,0.24803300368566528,0.2795370145553945
590,0.9169097400715245,0.5069836375831028,0.7540545732615723
591,0.8161750800360209,0.9694070362296471,0.15950778006171196
592,0.41550321340246554,0.239037239775843,0.44131400584571734
593,0.5156948862742896,0.8221648089797904,0.3003762840352623
594,0.18639123899650545,0.9070191851513847,0.908521887213032
595,0.6274606944277625,0.5372446343353214,0.11107361301059437
596,0.21657213869879988,0.5846973027444112,0.530506696320925
597,0.727894780049801,0.6466659349582394,0.4147437016887906
598,0.2808439770964496,0.9311529603311159,0.2749887602710698
599,0.4219569152694683,0.5158937181152898,0.33472296011165426
600,0.9954900128702223,0.8984714840983523,0.9524560212376374
601,0.11751343688338134,0.5625979585124941,0.3275541985410808
602,0.16199537335341463,0.37247847342925344,0.3406192560691397
603,0.5432070457468614,0.8389324698717834,0.8586686679489091
604,0.46242358918847637,0.08250794251940574,0.5497181188365649
605,0.16449510516404575,0.0516229151372275,0.6658391273859015
606,0.4011408949256413,0.13378692098557154,0.7402150803213001
607,0.8002512340849159,0.4470074884444858,0.9156141972140052
608,0.8501885753964373,0.5680602685522315,0.6882940559283817
609,0.024363061943794784,0.3340923393650017,0.28126936544204506
610,0.6307142055318972,0.6847421352797713,0.7416061318481706
611,0.7255373754896083,0.5604275840625713,0.8478006498636383
612,0.23264185502429913,0.21121241898954712,0.17271862606817312
613,0.42381489064651534,0.9011929611884184,0.8377081624043073
614,0.8108063406372837,0.5010544805609574,0.29059383050729615
615,0.3014892389110525,0.6782083031468658,0.37777477909854873
616,0.9029684236191106,0.7159004257450996,0.598083585581128
617,0.26156992611079133,0.6116758534255519,0.3805479640547327
618,0.9480287150255747,0.6596999583670043,0.1777360783302141
619,0.4009456043975349,0.7639209072293004,0.22259832403088042
620,0.8330392782268867,0.435353211952876,0.7532826724101584
621,0.6463492923377632,0.7946374666243874,0.5352792320913141
622,0.6579233738435604,0.25349781912688507,0.8735044679631301
623,0.6709375652399071,0.425909698846456,0.5976301979388539
624,0.6300159040201616,0.5269679738556191,0.9568510230492665
625,0.22795217881623875,0.6559292578979606,0.1390119032456857
626,0.7775378223560115,0.09261119819420716,0.12146190186558936
627,0.7822622698263831,0.5841878207631462,0.7130768562928785
628,0.3652655064116034,0.1026923699553649,0.339251629279259
629,0.822988185389222,0.7211886860008621,0.13950912561957285
630,0.33985833322804115,0.32575943730512014,0.99564794410575
631,0.6730126065851213,0.7647316043628585,0.43824865119069845
632,0.2259722267611749,0.6779154173915669,0.6319100569016066
633,0.2549287978078826,0.40742921298805235,0.2552515049214007
634,0.6046849346807096,0.7765297825526781,0.5348587477411785
635,0.6277758882991976,0.7788128679226618,0.77736960005678
636,0.06959637434590049,0.31620582977474754,0.6585968320082513
637,0.7851859285187199,0.3305005773398736,0.11362389654744953
638,0.7858099656894661,0.34467239200960986,0.5762221721832703
639,0.43444514135011714,0.36698701568629777,0.9863351998731457
640,0.9487951734469162,0.2661134938308758,0.5448276426069744
641,0.7233093866107253,0.9549806363983705,0.903654279414483
642,0.858723330568793,0.18399917263927656,0.7930685780419809
643,0.8703252259402784,0.3728964730096487,0.06394384646435336
644,0.40800377086139616,0.7613541864904053,0.08439692305156954
645,0.18530540427493725,0.5552522613282661,0.20979491409103235
646,0.15152680324765477,0.34325819309218697,0.19286329045886386
647,0.6482313883468472,0.7832330224561385,0.6342219874955833
648,0.7458122543709426,0.8356273250951404,0.9393498399364766
649,0.5012003604693215,0.893746599947395,0.9146912912894141
650,0.8540915418413375,0.6794039592883454,0.17097810931195434
651,0.9527797557581535,0.42730744143474597,0.9813300918176289
652,0.6477665114746546,0.20696952022640314,0.8130347739958542
653,0.562651648274868,0.25458952567237203,0.9322539860605018
654,0.3465427921188289,0.7014058552930742,0.7777999480854437
655,0.31974070683416134,0.25266652875974605,0.7063031504421862
656,0.11585935931684699,0.16619347795881878,0.4002073685022658
657,0.04088391635220334,0.08313294707417485,0.6019605927776703
658,0.062338599037747966,0.1671485145575673,0.41771868323076733
659,0.75415744018841,0.7206395425451644,0.8999404515184869
660,0.01860816520114883,0.9863831638267649,0.9199785260630204
661,0.6347132235443503,0.10831257372627834,0.5769615669833024
662,0.8956925325036544,0.3942334047565077,0.5485702593121565
663,0.9469108292128232,0.6808785070573555,0.06491757084835303
664,0.30163776390867947,0.7402396671164619,0.9915438440788997
665,0.17429899350911748,0.0414567821820071,0.9561765967129975
666,0.6702060360140367,0.7056871013235473,0.9402734559629057
667,0.43763749242075745,0.69152921698962,0.1477119024142176
668,0.04177366632745627,0.8755495050979946,0.2758586752648613
669,0.1283725801869372,0.9751982041717211,0.8493170938769451
670,0.8625276682271729,0.7625962605982972,0.7114870889957147
671,0.5715349866783763,0.2811391989414096,0.3539800828959947
672,0.9743055063053753,0.7167545244460259,0.4734390109913421
673,0.933761938143974,0.7742133182115725,0.5909251779899196
674,0.49731604293746934,0.9023296344991504,0.6998221735672161
675,0.933860647848666,0.9540388479004173,0.8980004806489965
676,0.7151381353207563,0.4409589243208767,0.023950582424600797
677,0.9965243482209815,0.40018642746543964,0.45902604638722044
678,0.9196167119448759,0.37386320853995836,0.2141795575162212
679,0.7519787872873708,0.4585151246852903,0.7412255544417485
680,0.8199708376936988,0.2282948827302641,0.12542752429109183
681,0.5652489505165899,0.5054446034887513,0.4797806624756388
682,0.3261338527528155,0.006206330159909235,0.9222640858324886
683,0.9747134141577517,0.7812598151515051,0.729581115769073
684,0.8416807562176771,0.6342532803047795,0.6090914100301373
685,0.13792641685375606,0.9187214680623295,0.46735348772606966
686,0.6283207771437374,0.21663588220347552,0.15509813511892334
687,0.2701698082886641,0.7528978748894676,0.8683061075719362
688,0.18514186007731404,0.6684026799711728,0.16968009292015607
689,0.5420659410626657,0.0706613942863159,0.055275036441832515
690,0.8748505430170835,0.7253816868485444,0.5364686856188369
691,0.7054356469678525,0.8221724342830988,0.05211109150042825
692,0.5177711784078111,0.11906822270344342,0.6649021665338116
693,0.4092298065643125,0.882054619687661,0.17698405722634292
694,0.6526379012295409,0.46039758017425936,0.44263248506175357
695,0.05329158773957232,0.9576161109848401,0.43688281585985156
696,0.043278710453734104,0.5731859070103339,0.3101490153503089
697,0.7823526604246396,0.4470409864524457,0.377162963095484
698,0.7495422141459488,0.8261812553600311,0.28061700473170503
699,0.614878309491387,0.22448087197833555,0.5123380890765274
700,0.9915095405885134,0.48291043159369407,0.9879679286772801
701,0.4228795590448704,0.14242510546807707,0.9437747525973094
702,0.8526394354949103,0.8027426860202337,0.6814185513075142
703,0.158868723145972,0.4015489684880639,0.09623494348324557
704,0.18900464615782653,0.988270829276322,0.07130192141961622
705,0.8232208039499317,0.22827097187416467,0.8080580783593838
706,0.05600823431385471,0.8371764310915631,0.7691140606187871
707,0.997596128368091,0.9138776573168784,0.661002388867782
708,0.7309780150206151,0.06516915579276228,0.047263766006381935
709,0.35916330337821334,0.8091035685145264,0.9438685662966172
710,0.917495645330072,0.09824132868716373,0.6087556243836557
711,0.9520385710782868,0.6423818965850153,0.16729180803272914
712,0.32399311109117424,0.21042723166736044,0.6970255878504376
713,0.9387690374978149,0.15170090611331433,0.7345288791197869
714,0.44585518456369133,0.8635117165861954,0.9587028100418674
715,0.14378265880964647,0.4727970541707689,0.21076123882540065
716,0.09856620526342696,0.17537343714643594,0.12980722132341238
717,0.63342024773237,0.4717686240554684,0.7780313026505159
718,0.7206063793149957,0.014011136095887111,0.3908590520766909
719,0.8344799426227683,0.4097140742283807,0.3586090236866739
720,0.07549191568388391,0.6496540133138171,0.005811331842420109
721,0.784158940021502,0.4654106262401907,0.7686342316442268
722,0.7985609976701473,0.9767006073281655,0.794605304386594
723,0.16802403029940116,0.2838998656867291,0.9905481186788355
724,0.15912930547234028,0.26365375599293994,0.6892592673720322
725,0.42332684458242253,0.5261156417826517,0.6294757672829917
726,0.15384460804942957,0.07619884079297723,0.8919787741018403
727,0.2946699010008097,0.21444797317919972,0.46425689965350925
728,0.29647158540412577,0.8676942317972131,0.6705877238382586
729,0.6706491972604428,0.15958186185473755,0.9273264625262263
730,0.36269639048935776,0.91800868554164,0.19022992739599687
731,0.8662031187073612,0.9152954399806936,0.10289940018298205
732,0.49680692789986336,0.15008674051072002,0.4919037742128808
733,0.881972291709323,0.5507428148859074,0.7056239322356765
734,0.5694498731981714,0.2494541636973726,0.8795516640559268
735,0.6663755360589116,0.5326444854236773,0.030992743339667617
736,0.15622768026320333,0.12625241667971343,0.16452705108605492
737,0.2716493787668476,0.6240547796338746,0.7605810907817644
738,0.9528495276353546,0.6419079017020484,0.8493809932109728
739,0.5128681513700212,0.5981668091660218,0.943140559320576
740,0.6252733629068505,0.7466552693188803,0.7934798633212578
741,0.11288589223799339,0.14164985619910286,0.9059417633382031
742,0.5655897480427339,0.29503923717374514,0.09412540230565225
743,0.42819442141343145,0.0411520362426927,0.16998634279305946
744,0.638873991805727,0.4665830353169059,0.8961009014908684
745,0.07018750346090408,0.5175235763757945,0.5499955996418291
746,0.9992357934754867,0.38937904809613333,0.5582647132441103
747,0.6697536644540533,0.24496244260320776,0.1801749377196049
748,0.5229887879413855,0.14271436295872342,0.4860126745193116
749,0.3543348388587616,0.48794713317789984,0.9083313875711767
750,0.9521043804668846,0.8020625463691348,0.07046200497204846
751,0.9470110074192442,0.8552319453519891,0.4904012806911857
752,0.015037214793274023,0.4220632366058277,0.3864376450905931
753,0.7056423965308396,0.6959745737780717,0.5661876153024893
754,0.8769129259911426,0.5554181045026876,0.2380624447466878
755,0.7771786270248306,0.916548731054751,0.9241790063703103
756,0.09825555929598206,0.25394467062764214,0.7919844701800389
757,0.13868024067070206,0.27152541335743774,0.32520594308739004
758,0.959505729518395,0.441689200028929,0.6607060280375101
759,0.32231323767305375,0.43221999695797686,0.1134667659117139
760,0.12027320728655921,0.9011916467360348,0.46060482401950587
761,0.9602961093022565,0.470417168412938,0.8255492088975525
762,0.6730024271969429,0.10950276709811035,0.92647991859918
763,0.4674802499720243,0.7501102597917847,0.628406205670033
764,0.5580795570115563,0.2969458701158767,0.08773254968917754
765,0.7558739991209156,0.39635358861923764,0.806973302762042
766,0.9538990813777734,0.8454555249974292,0.2401526803905687
767,0.6919715436275764,0.445951570025631,0.8453302795101449
768,0.6961773317802202,0.764650333818148,0.8374807641301617
769,0.29766949271597587,0.8580031885584234,0.3899411157745053
770,0.4169324913531003,0.5970213739281409,0.6165941968364835
771,0.07018307240309174,0.6472614924499714,0.10031711186786063
772,0.4969551145021599,0.5411864645894725,0.6581438081740492
773,0.37980143229339913,0.19748789723636329,0.2563971459251134
774,0.7572844003367346,0.6911685490644631,0.8960941645969831
775,0.7158027969863329,0.8420412882897517,0.3577293884400299
776,0.34613611745956663,0.7289231283211216,0.9402438708500742
777,0.563804974379615,0.16681787309546314,0.9567388108250655
778,0.2766704122339164,0.2645851999775244,0.5750843129753572
779,0.2607013945422032,0.5417843020312959,0.7600783070233667
780,0.6418904668157633,0.5201590525585846,0.808359248313869
781,0.1893476920577244,0.8465942090533305,0.8610238477372862
782,0.6926146688848814,0.8862560712700752,0.9868165869287839
783,0.010492079055582137,0.8095354400904675,0.6693581418844545
784,0.6072602853717619,0.09339690806928747,0.9525974325226532
785,0.30336217169495217,0.8308556573255288,0.2611611011654944
786,0.563773991241968,0.759887309656779,0.10253768805156649
787,0.3582437527944168,0.7785163484723453,0.6351428283272673
788,0.8398580666335949,0.3691416736615686,0.39026562061790493
789,0.7343201676458372,0.1707919723457002,0.40333821280182214
790,0.32041888868733237,0.5291157066897566,0.23120364464329923
791,0.9440372957373846,0.6018299139406557,0.09874666040451663
792,0.2075312347583389,0.8831087714524654,0.7575751622731473
793,0.9752930017239988,0.764886658759364,0.8251229502797665
794,0.5915331700000226,0.04515085717804679,0.5991303542707703
795,0.37302958571964673,0.7049850207148787,0.12180653454910617
796,0.9185892103387059,0.48043640711069846,0.6563041578670492
797,0.8828929875061666,0.5219925781889917,0.053917291079264795
798,0.8680118443051671,0.6901281585257245,0.4152506987930823
799,0.37192881529589883,0.2813988604745765,0.3711667948583013
800,0.5267949855305462,0.09698700257645221,0.8787646784268922
801,0.2505432810747299,0.5509759504093134,0.37350904986656064
802,0.7219372540976294,0.6828923227851198,0.36284780948201856
803,0.6500900648954615,0.0907648963590244,0.4690344253870593
804,0.35186928217399494,0.2021024740896763,0.31114118680560776
805,0.9379881466227543,0.33293471070028735,0.5028359096173545
806,0.8244832562627871,0.32756839452393416,0.1675930702523568
807,0.22264843284176172,0.8160349764834894,0.1098508043282842
808,0.03785500392887664,0.5838996570105621,0.7237493919139544
809,0.5672156268915853,0.10763556574238953,0.7555992165038716
810,0.09235513078446422,0.10508092249248635,0.8675544827837496
811,0.37024874251411055,0.017835037068607784,0.22769312859094326
812,0.24003122940713872,0.9159188013634524,0.28659366493121885
813,0.9492778109919773,0.22591714738447277,0.7797557149602274
814,0.5262726450780405,0.16644551746893133,0.9328287118060159
815,0.48610683405681354,0.42452678458904614,0.669223415295186
816,0.9914042287931515,0.9646367060368264,0.02703446670805565
817,0.8308208748777749,0.6940079320126062,0.38827164096426536
818,0.763753032416508,0.13452884092890682,0.8531051454408984
819,0.8772444321485571,0.10025104701162502,0.49025985379402337
820,0.7958308411217533,0.7446274933772523,0.3138080822403102
821,0.3365925333758676,0.41104745199090054,0.1574002231633158
822,0.664329449600606,0.32212593432766534,0.909580026648357
823,0.5955541418422121,0.5160847865779425,0.29355528325476443
824,0.5363614980320597,0.9770771631544188,0.9282601334575336
825,0.6295066281350963,0.7974283506234165,0.44847745579896714
826,0.06310805478702453,0.81604536502976,0.2665269395488308
827,0.24373236470594262,0.39934899245077327,0.8052181488375809
828,0.18368281968264388,0.6080769910339346,0.43979565250231945
829,0.7077636119888862,0.40418985685467634,0.0018031618418624662
830,0.21410254747514113,0.7468550673315084,0.07891207011376578
831,0.4545695857974833,0.46099629582369217,0.5670884965029638
832,0.5369318866630921,0.6308466911798916,0.19457847008649698
833,0.929150386105419,0.03550956438535546,0.29847241083600684
834,0.691392987171134,0.813825642916814,0.7249525515457416
835,0.056331549177474405,0.5164771637761351,0.18012323781164008
836,0.3298442972474567,0.6446823590864912,0.0628921172243424
837,0.19457982197527413,0.22738104621070654,0.9665304103516481
838,0.7992392175425395,0.33036938008755956,0.5631506559917588
839,0.10119743594781294,0.7074183578513711,0.09013544559835329
840,0.14401648886043894,0.721922466402543,0.9416422530686778
841,0.7636469642224383,0.21064090818081427,0.9167966087576311
842,0.5976001821404724,0.195394096553562,0.4333063996080031
843,0.9574036861200463,0.981458134407309,0.41217237226839143
844,0.9988208741847702,0.2156030945081081,0.5754041261390116
845,0.8694171684165248,0.7854405551898795,0.21426720123495058
846,0.5916392291453655,0.5400608399641695,0.04514674163900012
847,0.8595762689589194,0.20288861851618167,0.6150448194971578
848,0.8219430877413656,0.16782564120892973,0.3850584517361151
849,0.7697237997034251,0.785965209682097,0.7262243437931796
850,0.37873436370770597,0.5055566633154025,0.5411991864773049
851,0.6779071105793076,0.8219639347467618,0.4572209253429603
852,0.5518251311510509,0.12239117408998312,0.8357998285638271
853,0.8110088861168518,0.8921338747210991,0.5413628897949084
854,0.08686758202876188,0.8473507576844205,0.5580349245270639
855,0.549662528332927,0.12703165708052333,0.028711408559965124
856,0.4347974522181587,0.5333854020611453,0.3968528361984165
857,0.8208354464123448,0.3896379747704797,0.5090946285626522
858,0.38422180346284573,0.45421947170216437,0.0646703215481067
859,0.1781866889252236,0.028663424421557337,0.0809438200845709
860,0.08788648965794665,0.8297150577087051,0.7565197712645613
861,0.16032924211873334,0.2794532458405161,0.8970019266940028
862,0.5101215178655558,0.9062143192214723,0.1815969593653307
863,0.3321337397789915,0.09685546423357938,0.920643250518722
864,0.20332929637309827,0.5452413527766823,0.5240159484458399
865,0.7678251087479092,0.5766816348162834,0.8169457647573488
866,0.6384187426622395,0.4674300251236576,0.12845532804022586
867,0.9986683070373702,0.8743309276141906,0.26136094686856426
868,0.16223516822032058,0.07128690089791223,0.23178185023267617
869,0.1343995171519342,0.40914043185863724,0.9407040933329348
870,0.9797635993375742,0.45840870804722855,0.08151182825842629
871,0.01660300259997094,0.5804910141820955,0.9836790198549772
872,0.047488787383105246,0.5612456386053546,0.7243507239733552
873,0.8782639298577989,0.27215158972989406,0.9904756555470301
874,0.7401729774815146,0.09993691526338389,0.6185118087358443
875,0.27069433383564934,0.41934433533178217,0.8873594079543883
876,0.7651562354265916,0.25435729739236845,0.890150992922021
877,0.49630634906911364,0.4813269829690239,0.6400755853560867
878,0.6600245049902693,0.7436209527431581,0.4049015571757114
879,0.04521409979105773,0.4940968362894277,0.9569065757577299
880,0.24929792544949847,0.6951911268547964,0.5448872429574918
881,0.6783943330298081,0.9653109085432905,0.06464625530426349
882,0.3258211565457594,0.2606788098779038,0.21796063020241152
883,0.09926117831469328,0.8800987010840506,0.5471218335697797
884,0.07093943592230711,0.33172501332315074,0.6825788366262149
885,0.25760102001953133,0.2465304123675569,0.5878605284148664
886,0.2647684433960753,0.6163738680908935,0.3433235695139131
887,0.6004604391455043,0.22213949106273556,0.29488037013528956
888,0.5367659816361268,0.31581215903602544,0.4745841053550408
889,0.9781767550016688,0.7644275424095213,0.33662389413845484
890,0.32620766580326466,0.7268195740585531,0.6330656492520902
891,0.1221895432807183,0.6219830021055915,0.9431450368604091
892,0.8210261853248927,0.24056361650148006,0.4477376661931436
893,0.8891730869967851,0.9348247112711078,0.6571601024025474
894,0.06935248792676674,0.9786485191170858,0.5620517750495584
895,0.13264204398039425,0.6073540984296445,0.38047235348431374
896,0.6761340946074893,0.3328969599731496,0.9183717282784346
897,0.7372195778191485,0.9488072813211472,0.6778719435586833
898,0.023417490663123264,0.34784270362586267,0.6308472988157723
899,0.1628382014136115,0.67999570514568,0.6135044879329596
900,0.27671874201679825,0.36084038719378786,0.18383396819144793
901,0.48193906546527854,0.633087689514501,0.1691316032083009
902,0.3962295807232903,0.11565944037272335,0.2475601394444673
903,0.06164680896635921,0.9732573519693606,0.9818818898545376
904,0.22165965163041956,0.049877423501704654,0.3795003635118762
905,0.47892058312859653,0.8713166845918427,0.036397130658368915
906,0.729755135329384,0.8699086793391178,0.5604208064741492
907,0.8498039508632486,0.3092153556109224,0.9617730020221076
908,0.8612170527504824,0.9500625488460817,0.20035764756992913
909,0.9703719823006144,0.9338899631769307,0.6823515030705667
910,0.7476000381448519,0.8686661921767341,0.5142232695494321
911,0.1590494769862426,0.5824347822576229,0.4597676031849508
912,0.4982973708631897,0.10836897645082533,0.1144616629984293
913,0.39886328102884205,0.939263850513759,0.9358006347052453
914,0.48179234985047137,0.1955680653609685,0.5386255389247355
915,0.97304634161607,0.03201922001181723,0.7297714200062476
916,0.505836750866476,0.24919179299193817,0.5460115233728097
917,0.07174040368872103,0.5969130288569594,0.005871074584343217
918,0.3805776966420853,0.417900474243743,0.012823987695410488
919,0.4956821330839679,0.3825506830230928,0.7395002242667368
920,0.41358741770766927,0.7336809315213193,0.9197989191978163
921,0.4423973626690081,0.27896022165578593,0.13493519131088572
922,0.8426221834979293,0.2150648639356928,0.2773144355910474
923,0.4683987860902926,0.606245761694751,0.6973406337636369
924,0.03937588580051998,0.4776906184795444,0.9358181324478457
925,0.9778854768179498,0.6671903578537098,0.7879747696262704
926,0.635671130201252,0.3160544468618346,0.8580023524006962
927,0.5511153736556446,0.5341713145533634,0.1720028426198581
928,0.04679547658939687,0.42195470010807246,0.6253472594972704
929,0.12353122642599612,0.60218892012725,0.8252218338053007
930,0.04038654933112207,0.877282893567649,0.7499620436375454
931,0.5213748916447033,0.0770272817230192,0.11657979889200798
932,0.85069446075961,0.9411825104168537,0.30666734143089647
933,0.4485684213537222,0.796425672292766,0.8056487855479229
934,0.27348908739923095,0.9239143392753755,0.03439229751428219
935,0.7880274484820241,0.5117000043299889,0.6888915239849237
936,0.5484130540446067,0.10464485178085425,0.5619928648031052
937,0.29736553437095836,0.6834653987905024,0.05912576455202356
938,0.06522616241383761,0.11529171726686771,0.22035412319524383
939,0.7044729057290091,0.7834217909366008,0.21112035149188602
940,0.7688943685056212,0.9214438680413216,0.6707565219818633
941,0.33491240299909053,0.999777833595637,0.482444095052869
942,0.5193149884603884,0.3002218674023588,0.08974336140348627
943,0.6915112214590177,0.8547721254052032,0.5460831516559106
944,0.7566035447677607,0.7820148002453763,0.6389836697803694
945,0.4778759274467238,0.8233134457009662,0.28118471234708853
946,0.7924330875283019,0.46298263928674144,0.6938753101009156
947,0.9071061596931523,0.28867010276574345,0.450059997133869
948,0.6661526948575911,0.352106808780159,0.6216535918964056
949,0.2840166420705207,0.426568401238816,0.2666376810104357
950,0.8124540584073127,0.20778102129914933,0.5876273589503299
951,0.2808316668366323,0.6482017424005481,0.4097865907129955
952,0.25940092149980454,0.9450188954485401,0.5293918449285985
953,0.025607001040937716,0.13720995434471106,0.8824959467812832
954,0.3745155258154783,0.573781632665816,0.9054068997862268
955,0.403566039769399,0.5500765968743447,0.4187831113756194
956,0.6522676376980365,0.9858674715476312,0.9326643887600548
957,0.5014738397150849,0.9376572841398466,0.9055493909553909
958,0.5262672538495334,0.9839461783795292,0.4731169655986618
959,0.5576741978982589,0.17466243587726593,0.8668105434998025
960,0.9819631956534408,0.5471439184035796,0.5564212273963558
961,0.01654136839160436,0.01935387345213968,0.6074709579214801
962,0.11394965511695598,0.5841027937596679,0.6182412822421334
963,0.4288141715365825,0.505070831532349,0.09223853047260044
964,0.34084067334155854,0.5048043824597673,0.9000832716951653
965,0.8556558616210468,0.1129948928595933,0.28375022901870794
966,0.018678625191819953,0.3362684089946838,0.9058547475317603
967,0.7045464703653191,0.11873918581419562,0.5299585326214532
968,0.09271946673718345,0.2341099568637799,0.07735733465473471
969,0.5260155862494961,0.5312435866195435,0.7501392723024075
970,0.5608245348405011,0.9222669768672752,0.11210484244137153
971,0.24036164992315512,0.370454912470248,0.5786093135591112
972,0.5153571808925614,0.09917576461560174,0.5838662459147249
973,0.08165163581900436,0.5745883454049939,0.17348195988927106
974,0.9448494750688211,0.11708745501107343,0.37732303712082294
975,0.3571242169319445,0.21635594807986092,0.982374479462086
976,0.016375235866135318,0.5222611040199491,0.6444783295934203
977,0.5634655309990648,0.3926215674911261,0.3923788141847513
978,0.37328423438583413,0.9200479102392768,0.5405957823064994
979,0.21806200798175457,0.17836267941617312,0.5178505193401864
980,0.43077780431167567,0.2609767885721078,0.6769070984563477
981,0.05824161785629778,0.8249362551749887,0.3448622665286514
982,0.44411226065158416,0.5991818660024516,0.2488677196879141
983,0.5687444408919761,0.7251464726872501,0.9999370860876468
984,0.8862961198857884,0.4929875666397854,0.8072720021982411
985,0.6210925954101479,0.9401218669700068,0.2554540872478869
986,0.2275160590449291,0.8088677126962944,0.7768276561558773
987,0.4467431538266947,0.21243565145447152,0.22481273129506274
988,0.7138370909937432,0.7987551941046854,0.8329455257212012
989,0.4017320160766551,0.3802053420312289,0.14201052275232795
990,0.8819013179632877,0.8825827577245974,0.938884787613474
991,0.813375099890077,0.999279995253817,0.6947229229658861
992,0.7788522843961332,0.35306906255935244,0.6639923024755562
993,0.9277775651640641,0.17125054091482939,0.6288175180072514
994,0.19950257735062404,0.3542217798336047,0.884260838100774
995,0.9586493747215071,0.40259655527822047,0.047191857891658695
996,0.8774863935808587,0.4779979381500208,0.3487937137309294
997,0.9893276524935873,0.008668539307201573,0.9007038848685682
998,0.9510900432375994,0.4452538901978166,0.9250696134810515
999,0.9355627429218866,0.8801616283171427,0.5273767626688907
